<?xml version="1.0" encoding="UTF-8"?>
<project-private xmlns="http://www.netbeans.org/ns/project-private/1">
    <editor-bookmarks xmlns="http://www.netbeans.org/ns/editor-bookmarks/2" lastBookmarkId="0"/>
    <open-files xmlns="http://www.netbeans.org/ns/projectui-open-files/2">
        <group>
            <file>file:/C:/Users/azlif/OneDrive/Documents/NetBeansProjects/Mobil/src/mobil/Mpv.java</file>
            <file>file:/C:/Users/azlif/OneDrive/Documents/NetBeansProjects/Mobil/src/mobil/Mobil.java</file>
            <file>file:/C:/Users/azlif/OneDrive/Documents/NetBeansProjects/Mobil/src/mobil/Suv.java</file>
            <file>file:/C:/Users/azlif/OneDrive/Documents/NetBeansProjects/Mobil/src/mobil/Main.java</file>
            <file>file:/C:/Users/azlif/OneDrive/Documents/NetBeansProjects/Mobil/src/mobil/MobilListrik.java</file>
            <file>file:/C:/Users/azlif/OneDrive/Documents/NetBeansProjects/Mobil/src/mobil/MobilSport.java</file>
        </group>
    </open-files>
</project-private>
