<?xml version="1.0" encoding="UTF-8"?>
<project-private xmlns="http://www.netbeans.org/ns/project-private/1">
    <editor-bookmarks xmlns="http://www.netbeans.org/ns/editor-bookmarks/2" lastBookmarkId="1">
        <file>
            <url>src/penyewaan_kendaraan/Main.java</url>
            <bookmark id="1">
                <name/>
                <line>0</line>
                <key/>
            </bookmark>
        </file>
    </editor-bookmarks>
    <open-files xmlns="http://www.netbeans.org/ns/projectui-open-files/2">
        <group>
            <file>file:/D:/FILE/Praktikum%20ll/PBO/Penyewaan_kendaraan/src/penyewaan_kendaraan/Motor.java</file>
            <file>file:/D:/FILE/Praktikum%20ll/PBO/Penyewaan_kendaraan/src/penyewaan_kendaraan/Kendaraan.java</file>
            <file>file:/D:/FILE/Praktikum%20ll/PBO/Penyewaan_kendaraan/src/penyewaan_kendaraan/Main.java</file>
            <file>file:/D:/FILE/Praktikum%20ll/PBO/Penyewaan_kendaraan/src/penyewaan_kendaraan/Mobil.java</file>
        </group>
    </open-files>
</project-private>
